time,.data
2018/12/16/17:22:06.353682,0.577833490838
2018/12/16/17:22:06.353997,0.587660434603
2018/12/16/17:22:06.354054,0.59710936168
2018/12/16/17:22:06.354087,0.606194925797
2018/12/16/17:22:06.354114,0.620272939491
2018/12/16/17:22:06.354146,0.623125587794
2018/12/16/17:22:06.362304,0.636552422181
2018/12/16/17:22:06.383237,0.644120888197
2018/12/16/17:22:06.402589,0.651398373991
2018/12/16/17:22:06.422220,0.6637376789
2018/12/16/17:22:06.442169,0.675602509783
2018/12/16/17:22:06.463033,0.687011001017
2018/12/16/17:22:06.482403,0.697980589502
2018/12/16/17:22:06.502327,0.708528385362
2018/12/16/17:22:06.522319,0.718670382141
2018/12/16/17:22:06.542431,0.728422416746
2018/12/16/17:22:06.562470,0.737799373096
2018/12/16/17:22:06.582668,0.741473725616
2018/12/16/17:22:06.604250,0.745006756885
2018/12/16/17:22:06.622775,0.759087691039
2018/12/16/17:22:06.642639,0.772627050802
2018/12/16/17:22:06.662630,0.78030382892
2018/12/16/17:22:06.682634,0.78768534634
2018/12/16/17:22:06.702683,0.794782844621
2018/12/16/17:22:06.722683,0.801607476822
2018/12/16/17:22:06.742706,0.80816962317
2018/12/16/17:22:06.762749,0.814479264649
2018/12/16/17:22:06.782863,0.820546342234
2018/12/16/17:22:06.802957,0.831721907721
2018/12/16/17:22:06.822961,0.847809480805
2018/12/16/17:22:06.843122,0.857936578663
2018/12/16/17:22:06.863090,0.867673943508
2018/12/16/17:22:06.883159,0.87703702357
2018/12/16/17:22:06.903130,0.880697804256
2018/12/16/17:22:06.923772,0.889559966597
2018/12/16/17:22:06.943947,0.89808127654
2018/12/16/17:22:06.964054,0.906274614544
2018/12/16/17:22:06.983340,0.914153053412
2018/12/16/17:22:07.003408,0.921728246152
2018/12/16/17:22:07.023282,0.929012314574
2018/12/16/17:22:07.043406,0.936015997269
2018/12/16/17:22:07.063754,0.937408585138
2018/12/16/17:22:07.083712,0.94408933435
2018/12/16/17:22:07.103410,0.950513360918
2018/12/16/17:22:07.123556,0.956690080292
2018/12/16/17:22:07.143589,0.962629462786
2018/12/16/17:22:07.163528,0.973682129906
2018/12/16/17:22:07.183870,0.973626020365
2018/12/16/17:22:07.203644,0.9789137913
2018/12/16/17:22:07.223687,0.978656464013
2018/12/16/17:22:07.243661,0.989092708009
2018/12/16/17:22:07.263715,0.99378583559
2018/12/16/17:22:07.283871,1.00364018068
2018/12/16/17:22:07.303868,1.00777379008
2018/12/16/17:22:07.323878,1.01174818526
2018/12/16/17:22:07.343803,1.01556994833
2018/12/16/17:22:07.363892,1.01924449126
2018/12/16/17:22:07.383843,1.02277793487
2018/12/16/17:22:07.403871,1.02617524756
2018/12/16/17:22:07.423923,1.02410017195
2018/12/16/17:22:07.444092,1.02744685861
2018/12/16/17:22:07.463999,1.03066459731
2018/12/16/17:22:07.484097,1.03375880607
2018/12/16/17:22:07.504404,1.03673377755
2018/12/16/17:22:07.524065,1.03425260464
2018/12/16/17:22:07.544197,1.03720858387
2018/12/16/17:22:07.564276,1.04005110084
2018/12/16/17:22:07.584183,1.04278406099
2018/12/16/17:22:07.604230,1.04541213653
2018/12/16/17:22:07.624454,1.04793913225
2018/12/16/17:22:07.644172,1.05036870657
2018/12/16/17:22:07.664298,1.04736311331
2018/12/16/17:22:07.684327,1.03913116813
2018/12/16/17:22:07.704241,1.03655778789
2018/12/16/17:22:07.724431,1.02339948049
2018/12/16/17:22:07.744603,1.01608944274
2018/12/16/17:22:07.764416,1.00371837938
2018/12/16/17:22:07.784502,0.997165077809
2018/12/16/17:22:07.804509,0.990863826302
2018/12/16/17:22:07.824746,0.979462978957
2018/12/16/17:22:07.844795,0.968500625742
2018/12/16/17:22:07.864593,0.957960359993
2018/12/16/17:22:07.884615,0.937141127256
2018/12/16/17:22:07.904794,0.922465044401
2018/12/16/17:22:07.924743,0.908352967774
2018/12/16/17:22:07.944736,0.889442170158
2018/12/16/17:22:07.964946,0.876600204079
2018/12/16/17:22:07.984727,0.864252159772
2018/12/16/17:22:08.004737,0.847037547079
2018/12/16/17:22:08.024845,0.830484576378
2018/12/16/17:22:08.044905,0.814568716893
2018/12/16/17:22:08.065384,0.804606499016
2018/12/16/17:22:08.084970,0.784343998535
2018/12/16/17:22:08.105179,0.770202318162
2018/12/16/17:22:08.125273,0.761946958733
2018/12/16/17:22:08.145205,0.743325209802
2018/12/16/17:22:08.166197,0.720077271822
2018/12/16/17:22:08.185150,0.703065895464
2018/12/16/17:22:08.205163,0.692050754475
2018/12/16/17:22:08.225199,0.670774910931
2018/12/16/17:22:08.245460,0.655659779223
2018/12/16/17:22:08.266203,0.641125998734
2018/12/16/17:22:08.285281,0.627151209802
2018/12/16/17:22:08.305343,0.619055405919
2018/12/16/17:22:08.325310,0.600587534278
2018/12/16/17:22:08.345469,0.588171917056
2018/12/16/17:22:08.366135,0.570891413413
2018/12/16/17:22:08.385654,0.554276003022
2018/12/16/17:22:08.405441,0.543641598541
2018/12/16/17:22:08.425539,0.53875816128
2018/12/16/17:22:08.445833,0.523378186705
2018/12/16/17:22:08.465777,0.513932159775
2018/12/16/17:22:08.485718,0.504849441572
2018/12/16/17:22:08.505718,0.496115600188
2018/12/16/17:22:08.525779,0.487718134277
2018/12/16/17:22:08.545738,0.479643647825
2018/12/16/17:22:08.566599,0.47722121171
2018/12/16/17:22:08.586036,0.469550453049
2018/12/16/17:22:08.605863,0.462174723566
2018/12/16/17:22:08.625852,0.45508221749
2018/12/16/17:22:08.645916,0.45360491027
2018/12/16/17:22:08.666141,0.446842470895
2018/12/16/17:22:08.686301,0.43499771518
2018/12/16/17:22:08.706305,0.428950937155
2018/12/16/17:22:08.726089,0.428478679178
2018/12/16/17:22:08.746336,0.428024126473
2018/12/16/17:22:08.766210,0.416903611734
2018/12/16/17:22:08.786113,0.4062108091
2018/12/16/17:22:08.806248,0.406612712936
2018/12/16/17:22:08.826171,0.40699961743
2018/12/16/17:22:08.846445,0.407371640981
2018/12/16/17:22:08.866510,0.407728897437
2018/12/16/17:22:08.886272,0.402730920094
2018/12/16/17:22:08.906320,0.403266665815
2018/12/16/17:22:08.926457,0.398440312764
2018/12/16/17:22:08.946305,0.393799588678
2018/12/16/17:22:08.966348,0.400020798809
2018/12/16/17:22:08.986393,0.400661238461
2018/12/16/17:22:09.006748,0.406618538986
2018/12/16/17:22:09.026462,0.401663267737
2018/12/16/17:22:09.046474,0.40224007701
2018/12/16/17:22:09.066814,0.402795159808
2018/12/16/17:22:09.086585,0.403328434771
2018/12/16/17:22:09.106646,0.403841657655
2018/12/16/17:22:09.126615,0.404334682701
2018/12/16/17:22:09.146653,0.404809203742
2018/12/16/17:22:09.166745,0.41060696714
2018/12/16/17:22:09.186822,0.405498294808
2018/12/16/17:22:09.206954,0.39524415821
2018/12/16/17:22:09.226864,0.390725904647
2018/12/16/17:22:09.246971,0.397065791892
2018/12/16/17:22:09.266959,0.403161378823
2018/12/16/17:22:09.286923,0.398339075273
2018/12/16/17:22:09.307019,0.393702244936
2018/12/16/17:22:09.327084,0.394585247394
2018/12/16/17:22:09.347064,0.395434746716
2018/12/16/17:22:09.367740,0.390909162826
2018/12/16/17:22:09.387401,0.381216146689
2018/12/16/17:22:09.407363,0.377237890528
2018/12/16/17:22:09.427145,0.378754137386
2018/12/16/17:22:09.447324,0.380212525555
2018/12/16/17:22:09.467456,0.370930918543
2018/12/16/17:22:09.487240,0.367347789583
2018/12/16/17:22:09.507307,0.363902931773
2018/12/16/17:22:09.527321,0.35524861683
2018/12/16/17:22:09.547293,0.352269111817
2018/12/16/17:22:09.567368,0.344062251488
2018/12/16/17:22:09.587426,0.341512532799
2018/12/16/17:22:09.607540,0.333719387048
2018/12/16/17:22:09.627460,0.331567929335
2018/12/16/17:22:09.647547,0.329498761498
2018/12/16/17:22:09.667995,0.327509635537
2018/12/16/17:22:09.687661,0.325597014421
2018/12/16/17:22:09.707671,0.323757497158
2018/12/16/17:22:09.727709,0.321989189056
2018/12/16/17:22:09.747692,0.320288892804
2018/12/16/17:22:09.767933,0.318653992562
2018/12/16/17:22:09.787746,0.317081514601
2018/12/16/17:22:09.807848,0.320911926723
2018/12/16/17:22:09.827804,0.319252605141
2018/12/16/17:22:09.847865,0.317657562117
2018/12/16/17:22:09.868042,0.321465818565
2018/12/16/17:22:09.887966,0.325127145114
2018/12/16/17:22:09.907983,0.317964206581
2018/12/16/17:22:09.928111,0.316418717347
2018/12/16/17:22:09.948056,0.31493221151
2018/12/16/17:22:09.968105,0.318845289135
2018/12/16/17:22:09.988162,0.317265912111
2018/12/16/17:22:10.008281,0.31574682186
2018/12/16/17:22:10.028139,0.314286616654
2018/12/16/17:22:10.048138,0.312882573187
2018/12/16/17:22:10.068400,0.316874024559
2018/12/16/17:22:10.088323,0.315370465403
2018/12/16/17:22:10.108365,0.313924735446
2018/12/16/17:22:10.128373,0.317876103653
2018/12/16/17:22:10.148415,0.321675954657
2018/12/16/17:22:10.168426,0.325329199049
2018/12/16/17:22:10.188469,0.334184344202
2018/12/16/17:22:10.208442,0.337356496688
2018/12/16/17:22:10.228629,0.335065150142
2018/12/16/17:22:10.248649,0.338203425477
2018/12/16/17:22:10.268891,0.341221456411
2018/12/16/17:22:10.288926,0.344122950735
2018/12/16/17:22:10.308667,0.336229404294
2018/12/16/17:22:10.328795,0.333981407456
2018/12/16/17:22:10.348726,0.331819872035
2018/12/16/17:22:10.368779,0.329741014095
2018/12/16/17:22:10.388759,0.33308452239
2018/12/16/17:22:10.408811,0.336298975715
2018/12/16/17:22:10.428799,0.334048303053
2018/12/16/17:22:10.449437,0.337226146388
2018/12/16/17:22:10.469083,0.334939354819
2018/12/16/17:22:10.489129,0.332740975268
2018/12/16/17:22:10.509158,0.351994496935
2018/12/16/17:22:10.529251,0.354482102044
2018/12/16/17:22:10.549296,0.346189668209
2018/12/16/17:22:10.569278,0.354242487625
2018/12/16/17:22:10.589275,0.356643173056
2018/12/16/17:22:10.609308,0.358951982929
2018/12/16/17:22:10.629394,0.361171533926
2018/12/16/17:22:10.649676,0.35796422441
2018/12/16/17:22:10.669492,0.360222224616
2018/12/16/17:22:10.689537,0.362392920163
2018/12/16/17:22:10.709543,0.359138634253
2018/12/16/17:22:10.729532,0.356009513186
2018/12/16/17:22:10.749564,0.369026139423
2018/12/16/17:22:10.769536,0.370858222862
2018/12/16/17:22:10.789722,0.367278348387
2018/12/16/17:22:10.809689,0.363836161392
2018/12/16/17:22:10.829769,0.371209811034
2018/12/16/17:22:10.849772,0.372958365601
2018/12/16/17:22:10.869801,0.374639209572
2018/12/16/17:22:10.889810,0.381597815858
2018/12/16/17:22:10.909792,0.382946373281
2018/12/16/17:22:10.929818,0.378901569943
2018/12/16/17:22:10.949842,0.380353829132
2018/12/16/17:22:10.970002,0.381750690694
2018/12/16/17:22:10.989957,0.383093368315
2018/12/16/17:22:11.009980,0.379042911323
2018/12/16/17:22:11.030064,0.385831685968
2018/12/16/17:22:11.050075,0.387017860729
2018/12/16/17:22:11.070092,0.382816461721
2018/12/16/17:22:11.090102,0.389460099812
2018/12/16/17:22:11.110108,0.390506720195
2018/12/16/17:22:11.130361,0.391512627451
2018/12/16/17:22:11.150310,0.397821797629
2018/12/16/17:22:11.170292,0.39854681425
2018/12/16/17:22:11.190279,0.399243945616
2018/12/16/17:22:11.210326,0.394571854076
2018/12/16/17:22:11.230297,0.400763820189
2018/12/16/17:22:11.250707,0.412059126926
2018/12/16/17:22:11.270508,0.38552679564
2018/12/16/17:22:11.290509,0.376040793626
2018/12/16/17:22:11.310534,0.404312840991
2018/12/16/17:22:11.330484,0.410129695264
2018/12/16/17:22:11.350508,0.399697427879
2018/12/16/17:22:11.370560,0.400349846377
2018/12/16/17:22:11.390847,0.400977630354
2018/12/16/17:22:11.410907,0.401581268793
2018/12/16/17:22:11.430877,0.402161231871
2018/12/16/17:22:11.451138,0.402719347175
2018/12/16/17:22:11.470870,0.408597489672
2018/12/16/17:22:11.490968,0.408908056599
2018/12/16/17:22:11.510907,0.41454817181
2018/12/16/17:22:11.530961,0.409287914683
2018/12/16/17:22:11.550903,0.409571468304
2018/12/16/17:22:11.570959,0.409844574515
2018/12/16/17:22:11.590928,0.410106718142
2018/12/16/17:22:11.611033,0.41035923782
2018/12/16/17:22:11.630995,0.405259635042
2018/12/16/17:22:11.651100,0.411040532656
2018/12/16/17:22:11.671073,0.411256677894
2018/12/16/17:22:11.691312,0.411464968351
2018/12/16/17:22:11.711093,0.411664789139
2018/12/16/17:22:11.731079,0.417199334673
2018/12/16/17:22:11.751258,0.41717860291
2018/12/16/17:22:11.771314,0.41715912702
2018/12/16/17:22:11.791274,0.417139941705
2018/12/16/17:22:11.811243,0.411780001121
2018/12/16/17:22:11.831321,0.417309656927
2018/12/16/17:22:11.851406,0.422627092162
2018/12/16/17:22:11.871671,0.417056107329
2018/12/16/17:22:11.891401,0.41704088431
2018/12/16/17:22:11.911529,0.417026705289
2018/12/16/17:22:11.931434,0.417012613118
2018/12/16/17:22:11.951502,0.411657569787
2018/12/16/17:22:11.971501,0.411849982827
2018/12/16/17:22:11.991862,0.412035453864
2018/12/16/17:22:12.011836,0.406871839735
2018/12/16/17:22:12.031959,0.412590270979
2018/12/16/17:22:12.051926,0.412746810897
2018/12/16/17:22:12.071795,0.412897788546
2018/12/16/17:22:12.091660,0.418384452528
2018/12/16/17:22:12.111840,0.42366054947
2018/12/16/17:22:12.131858,0.412707864616
2018/12/16/17:22:12.151881,0.412859881701
2018/12/16/17:22:12.171761,0.418348462137
2018/12/16/17:22:12.191841,0.4129415815
2018/12/16/17:22:12.211819,0.413085067972
2018/12/16/17:22:12.232047,0.413222577236
2018/12/16/17:22:12.251909,0.41335525618
2018/12/16/17:22:12.271998,0.413482373589
2018/12/16/17:22:12.291973,0.418947012029
2018/12/16/17:22:12.312339,0.418859061906
2018/12/16/17:22:12.332455,0.418774952978
2018/12/16/17:22:12.352181,0.418693620511
2018/12/16/17:22:12.372328,0.423957826377
2018/12/16/17:22:12.392148,0.423677152625
2018/12/16/17:22:12.412308,0.418065780852
2018/12/16/17:22:12.432404,0.412670231069
2018/12/16/17:22:12.452481,0.412823695599
2018/12/16/17:22:12.472338,0.412971716144
2018/12/16/17:22:12.492643,0.40777163343
2018/12/16/17:22:12.512599,0.408113964058
2018/12/16/17:22:12.532436,0.408442669627
2018/12/16/17:22:12.552568,0.414101142834
2018/12/16/17:22:12.572458,0.414199572296
2018/12/16/17:22:12.592566,0.41963662617
2018/12/16/17:22:12.612670,0.419522152427
2018/12/16/17:22:12.632610,0.419412540017
2018/12/16/17:22:12.652642,0.429990588299
2018/12/16/17:22:12.672596,0.42947834374
2018/12/16/17:22:12.692632,0.428985342397
2018/12/16/17:22:12.712656,0.423169809479
2018/12/16/17:22:12.732835,0.412235999239
2018/12/16/17:22:12.753088,0.412406164993
2018/12/16/17:22:12.772758,0.407228292744
2018/12/16/17:22:12.792815,0.402249569427
2018/12/16/17:22:12.812878,0.397461876972
2018/12/16/17:22:12.832993,0.398200736694
2018/12/16/17:22:12.852942,0.398910720238
2018/12/16/17:22:12.872985,0.404935806884
2018/12/16/17:22:12.892983,0.400044797603
2018/12/16/17:22:12.913030,0.395342362561
2018/12/16/17:22:12.933090,0.406846186899
2018/12/16/17:22:12.953077,0.412566063288
2018/12/16/17:22:12.973055,0.402039630944
2018/12/16/17:22:12.993097,0.402602423206
2018/12/16/17:22:13.013201,0.397801617949
2018/12/16/17:22:13.033215,0.38250155572
2018/12/16/17:22:13.053422,0.389157764078
2018/12/16/17:22:13.073294,0.379531650933
2018/12/16/17:22:13.093393,0.364934279744
2018/12/16/17:22:13.113335,0.361582249235
2018/12/16/17:22:13.133300,0.363700636143
2018/12/16/17:22:13.153438,0.371079956792
2018/12/16/17:22:13.173433,0.367491554089
2018/12/16/17:22:13.193486,0.36404024988
2018/12/16/17:22:13.213496,0.366065015296
2018/12/16/17:22:13.233549,0.362669494958
2018/12/16/17:22:13.253840,0.359403654561
2018/12/16/17:22:13.273819,0.345580437078
2018/12/16/17:22:13.293723,0.342972785133
2018/12/16/17:22:13.313617,0.340465427494
2018/12/16/17:22:13.333768,0.332713013521
2018/12/16/17:22:13.353948,0.325257852321
2018/12/16/17:22:13.374273,0.31808942809
2018/12/16/17:22:13.394310,0.316539122645
2018/12/16/17:22:13.413751,0.309706951166
2018/12/16/17:22:13.434342,0.308478131685
2018/12/16/17:22:13.454378,0.307297491486
2018/12/16/17:22:13.473951,0.300820767359
2018/12/16/17:22:13.493987,0.294592231011
2018/12/16/17:22:13.513943,0.293945663915
2018/12/16/17:22:13.534286,0.282640061457
2018/12/16/17:22:13.554255,0.28245319319
2018/12/16/17:22:13.574590,0.276931102003
2018/12/16/17:22:13.594358,0.271622315933
2018/12/16/17:22:13.614111,0.271859207109
2018/12/16/17:22:13.634311,0.266744576925
2018/12/16/17:22:13.654387,0.261826663286
2018/12/16/17:22:13.674576,0.257098817167
2018/12/16/17:22:13.694522,0.252551894289
2018/12/16/17:22:13.714266,0.25352226322
2018/12/16/17:22:13.734658,0.243771406943
2018/12/16/17:22:13.754335,0.239737076765
2018/12/16/17:22:13.774382,0.246542733455
2018/12/16/17:22:13.794614,0.242401813796
2018/12/16/17:22:13.814736,0.243762570439
2018/12/16/17:22:13.834423,0.23438708696
2018/12/16/17:22:13.854570,0.230713692167
2018/12/16/17:22:13.874599,0.23786640211
2018/12/16/17:22:13.894618,0.234059187503
2018/12/16/17:22:13.914711,0.219715417894
2018/12/16/17:22:13.934657,0.216606318065
2018/12/16/17:22:13.954647,0.213617715992
2018/12/16/17:22:13.974644,0.200059239832
2018/12/16/17:22:13.994880,0.203048557012
2018/12/16/17:22:14.014732,0.195238997127
2018/12/16/17:22:14.035038,0.18772980493
2018/12/16/17:22:14.054909,0.185850920983
2018/12/16/17:22:14.074965,0.184045218799
2018/12/16/17:22:14.094994,0.176966556537
2018/12/16/17:22:14.115472,0.180844053844
2018/12/16/17:22:14.135128,0.179230006478
2018/12/16/17:22:14.155133,0.177678954851
2018/12/16/17:22:14.175438,0.170845148895
2018/12/16/17:22:14.195195,0.169615674797
2018/12/16/17:22:14.215834,0.168433488163
2018/12/16/17:22:14.235284,0.16195527708
2018/12/16/17:22:14.255699,0.155726227961
2018/12/16/17:22:14.275464,0.155079167816
2018/12/16/17:22:14.295567,0.149114584439
2018/12/16/17:22:14.316086,0.143379408114
2018/12/16/17:22:14.335316,0.143206308661
2018/12/16/17:22:14.355722,0.143040783873
2018/12/16/17:22:14.375346,0.153564611756
2018/12/16/17:22:14.395459,0.147658280535
2018/12/16/17:22:14.415813,0.147320609066
2018/12/16/17:22:14.435439,0.152338335121
2018/12/16/17:22:14.455543,0.141137675219
2018/12/16/17:22:14.475821,0.141050796262
2018/12/16/17:22:14.496498,0.140968175797
2018/12/16/17:22:14.516111,0.130203912721
2018/12/16/17:22:14.535689,0.130538480085
2018/12/16/17:22:14.555757,0.125517769313
2018/12/16/17:22:14.575702,0.126031655967
2018/12/16/17:22:14.596461,0.121184284584
2018/12/16/17:22:14.617150,0.116523350561
2018/12/16/17:22:14.635922,0.122725586559
2018/12/16/17:22:14.656237,0.118005371692
2018/12/16/17:22:14.675930,0.118808196716
2018/12/16/17:22:14.696081,0.119581060849
2018/12/16/17:22:14.716071,0.114981789278
2018/12/16/17:22:14.736118,0.110559412768
2018/12/16/17:22:14.756115,0.111648620828
2018/12/16/17:22:14.776119,0.112696853264
2018/12/16/17:22:14.796049,0.108362358908
2018/12/16/17:22:14.816158,0.114877562206
2018/12/16/17:22:14.836179,0.11580160459
2018/12/16/17:22:14.856201,0.116689189887
2018/12/16/17:22:14.876325,0.117543554283
2018/12/16/17:22:14.896279,0.123705634682
2018/12/16/17:22:14.916316,0.118947725656
2018/12/16/17:22:14.936430,0.114372813131
2018/12/16/17:22:14.956397,0.11531626894
2018/12/16/17:22:14.976405,0.110881027827
2018/12/16/17:22:14.996558,0.106616372911
2018/12/16/17:22:15.016611,0.102515743184
2018/12/16/17:22:15.036514,0.0985728299843
2018/12/16/17:22:15.056609,0.0947815672925
2018/12/16/17:22:15.076586,0.0964776155631
2018/12/16/17:22:15.096786,0.0981093482024
2018/12/16/17:22:15.116615,0.0943359117331
2018/12/16/17:22:15.136698,0.096049100602
2018/12/16/17:22:15.156994,0.092354904425
2018/12/16/17:22:15.176737,0.0941452028773
2018/12/16/17:22:15.196887,0.0905242335359
2018/12/16/17:22:15.217232,0.0923840254125
2018/12/16/17:22:15.236825,0.0888307936658
2018/12/16/17:22:15.256947,0.096098128006
2018/12/16/17:22:15.276919,0.0977435393261
2018/12/16/17:22:15.296935,0.0939841724289
2018/12/16/17:22:15.317795,0.101053299894
2018/12/16/17:22:15.337278,0.0971666345131
2018/12/16/17:22:15.357108,0.10411335959
2018/12/16/17:22:15.377397,0.105450492772
2018/12/16/17:22:15.397657,0.101394704589
2018/12/16/17:22:15.417689,0.0974949082582
2018/12/16/17:22:15.437195,0.0937451040945
2018/12/16/17:22:15.457340,0.0847980300013
2018/12/16/17:22:15.477612,0.081536567309
2018/12/16/17:22:15.497280,0.0784005454894
2018/12/16/17:22:15.518148,0.0753851398937
2018/12/16/17:22:15.537893,0.0724857114362
2018/12/16/17:22:15.557618,0.0750392926243
2018/12/16/17:22:15.577429,0.0721531659849
2018/12/16/17:22:15.597417,0.0747204543772
2018/12/16/17:22:15.617548,0.0718465907473
2018/12/16/17:22:15.637586,0.0744247535004
2018/12/16/17:22:15.657642,0.0715622629811
2018/12/16/17:22:15.677611,0.0688098682511
2018/12/16/17:22:15.697638,0.0608218416904
2018/12/16/17:22:15.717713,0.0638240332533
2018/12/16/17:22:15.737739,0.0667116729045
2018/12/16/17:22:15.757801,0.0641458393313
2018/12/16/17:22:15.777796,0.0509947883373
2018/12/16/17:22:15.797753,0.0543749434908
2018/12/16/17:22:15.818031,0.0683099129987
2018/12/16/17:22:15.837956,0.0763655949854
2018/12/16/17:22:15.857861,0.0734284567167
2018/12/16/17:22:15.877876,0.0545788888108
2018/12/16/17:22:15.897964,0.0524797007796
2018/12/16/17:22:15.917999,0.061145154077
2018/12/16/17:22:15.937984,0.0587934173817
2018/12/16/17:22:15.958041,0.0511906389314
2018/12/16/17:22:15.978148,0.0492217682032
2018/12/16/17:22:15.998122,0.0473286232723
2018/12/16/17:22:16.018251,0.045508291608
2018/12/16/17:22:16.038256,0.0437579727
2018/12/16/17:22:16.058202,0.04207497375
2018/12/16/17:22:16.078352,0.0457981986953
2018/12/16/17:22:16.098373,0.0386952363483
2018/12/16/17:22:16.118426,0.0425484511936
2018/12/16/17:22:16.138875,0.0355704791351
2018/12/16/17:22:16.158373,0.0342023837838
2018/12/16/17:22:16.178468,0.0328869074844
2018/12/16/17:22:16.199109,0.0369635195937
2018/12/16/17:22:16.218530,0.0355418457632
2018/12/16/17:22:16.238898,0.028833358529
2018/12/16/17:22:16.258941,0.0330658763673
2018/12/16/17:22:16.278559,0.0317941118917
2018/12/16/17:22:16.298630,0.0305712614343
2018/12/16/17:22:16.318932,0.0293954436868
2018/12/16/17:22:16.338723,0.0336063428653
2018/12/16/17:22:16.358720,0.0323137912166
2018/12/16/17:22:16.378962,0.0310709530929
2018/12/16/17:22:16.400461,0.0298759164355
2018/12/16/17:22:16.419058,0.0340692528874
2018/12/16/17:22:16.438912,0.0381003901735
2018/12/16/17:22:16.458935,0.0366349905514
2018/12/16/17:22:16.479025,0.0352259524533
2018/12/16/17:22:16.499361,0.0392135182891
2018/12/16/17:22:16.519044,0.0430467992136
2018/12/16/17:22:16.539125,0.04139115309
2018/12/16/17:22:16.559061,0.0397991856635
2018/12/16/17:22:16.579138,0.032926954587
2018/12/16/17:22:16.599781,0.0263181230957
2018/12/16/17:22:16.619256,0.0253058875921
2018/12/16/17:22:16.639170,0.0189910910567
2018/12/16/17:22:16.659328,0.0182606644776
2018/12/16/17:22:16.679347,0.0175583312285
2018/12/16/17:22:16.699826,0.0168830107966
2018/12/16/17:22:16.719261,0.0162336642275
2018/12/16/17:22:16.739330,0.0209507856929
2018/12/16/17:22:16.759840,0.0254873964041
2018/12/16/17:22:16.780103,0.0298486050934
2018/12/16/17:22:16.799997,0.034042074987
2018/12/16/17:22:16.819428,0.0380751745715
2018/12/16/17:22:16.839649,0.0366107447803
2018/12/16/17:22:16.859568,0.0405441323782
2018/12/16/17:22:16.879622,0.0389847426714
2018/12/16/17:22:16.899736,0.0428277396527
2018/12/16/17:22:16.919660,0.0411805188968
2018/12/16/17:22:16.939673,0.0449381459518
2018/12/16/17:22:16.960022,0.0485521658838
2018/12/16/17:22:16.979689,0.0520262680547
2018/12/16/17:22:16.999865,0.0553667509113
2018/12/16/17:22:17.020154,0.0585796706526
2018/12/16/17:22:17.039881,0.0616680995631
2018/12/16/17:22:17.059870,0.0646386597409
2018/12/16/17:22:17.080010,0.0621525574432
2018/12/16/17:22:17.100351,0.0597620744646
2018/12/16/17:22:17.120110,0.0628050263054
2018/12/16/17:22:17.140332,0.0657318585315
2018/12/16/17:22:17.160448,0.0471773966382
2018/12/16/17:22:17.180681,0.0453628813829
2018/12/16/17:22:17.200185,0.0649859618305
2018/12/16/17:22:17.220378,0.0678279949266
2018/12/16/17:22:17.240344,0.0705616360519
2018/12/16/17:22:17.260438,0.0731892201394
2018/12/16/17:22:17.280468,0.0757166602949
2018/12/16/17:22:17.300610,0.0834874673856
2018/12/16/17:22:17.320451,0.0856188211087
2018/12/16/17:22:17.340296,0.087667282694
2018/12/16/17:22:17.360425,0.0842954641288
2018/12/16/17:22:17.380387,0.0917372342205
2018/12/16/17:22:17.400393,0.0935512892191
2018/12/16/17:22:17.422999,0.0899531627107
2018/12/16/17:22:17.440507,0.0918349188497
2018/12/16/17:22:17.460816,0.0989867099136
2018/12/16/17:22:17.480556,0.10586343209
2018/12/16/17:22:17.501160,0.107133254792
2018/12/16/17:22:17.521045,0.11369664832
2018/12/16/17:22:17.540635,0.114665193474
2018/12/16/17:22:17.560622,0.115597403886
2018/12/16/17:22:17.580799,0.116492843056
2018/12/16/17:22:17.603862,0.117354759254
2018/12/16/17:22:17.621124,0.123525017994
2018/12/16/17:22:17.640833,0.129457042097
2018/12/16/17:22:17.660789,0.124477925093
2018/12/16/17:22:17.680860,0.12503272275
2018/12/16/17:22:17.700902,0.130907675203
2018/12/16/17:22:17.721229,0.131214257784
2018/12/16/17:22:17.741015,0.136851458889
2018/12/16/17:22:17.760970,0.142271844567
2018/12/16/17:22:17.781007,0.147483753872
2018/12/16/17:22:17.801161,0.152494288133
2018/12/16/17:22:17.821227,0.151971533366
2018/12/16/17:22:17.841100,0.156810377718
2018/12/16/17:22:17.861210,0.161463112671
2018/12/16/17:22:17.881267,0.16059448612
2018/12/16/17:22:17.901386,0.159759268281
2018/12/16/17:22:17.921350,0.169640994528
2018/12/16/17:22:17.941275,0.173799327225
2018/12/16/17:22:17.961521,0.172457147878
2018/12/16/17:22:17.981405,0.181849577145
2018/12/16/17:22:18.001407,0.180197772801
2018/12/16/17:22:18.021450,0.178608582398
2018/12/16/17:22:18.041437,0.177080514703
2018/12/16/17:22:18.061465,0.180953629003
2018/12/16/17:22:18.081985,0.179336284202
2018/12/16/17:22:18.101604,0.177780227976
2018/12/16/17:22:18.121696,0.181626430228
2018/12/16/17:22:18.141654,0.179982291462
2018/12/16/17:22:18.161891,0.178402305798
2018/12/16/17:22:18.181803,0.182224581979
2018/12/16/17:22:18.201828,0.191241340704
2018/12/16/17:22:18.221814,0.194569807851
2018/12/16/17:22:18.241807,0.192427846869
2018/12/16/17:22:18.261935,0.190369185997
2018/12/16/17:22:18.281991,0.19373028056
2018/12/16/17:22:18.302009,0.202305429412
2018/12/16/17:22:18.321975,0.205208354685
2018/12/16/17:22:18.341923,0.202657218825
2018/12/16/17:22:18.362181,0.205546613736
2018/12/16/17:22:18.382088,0.208324878073
2018/12/16/17:22:18.402154,0.21099628609
2018/12/16/17:22:18.422359,0.218906440811
2018/12/16/17:22:18.442211,0.226512358812
2018/12/16/17:22:18.462197,0.196432538357
2018/12/16/17:22:18.482472,0.178194454395
2018/12/16/17:22:18.502610,0.219417011015
2018/12/16/17:22:18.522353,0.248371098355
2018/12/16/17:22:18.542657,0.222792967309
2018/12/16/17:22:18.562431,0.208882513862
2018/12/16/17:22:18.582911,0.216873967515
2018/12/16/17:22:18.602447,0.208532661072
2018/12/16/17:22:18.623186,0.216537570601
2018/12/16/17:22:18.643542,0.218893105829
2018/12/16/17:22:18.662807,0.215815633386
2018/12/16/17:22:18.682946,0.21819893543
2018/12/16/17:22:18.702903,0.225832982171
2018/12/16/17:22:18.722809,0.227830084574
2018/12/16/17:22:18.742666,0.224409799174
2018/12/16/17:22:18.762970,0.215778653052
2018/12/16/17:22:18.783070,0.223504870582
2018/12/16/17:22:18.802947,0.225592432733
2018/12/16/17:22:18.822961,0.222257293872
2018/12/16/17:22:18.843088,0.219051346576
2018/12/16/17:22:18.862990,0.221310198112
2018/12/16/17:22:18.883042,0.218139760582
2018/12/16/17:22:18.902998,0.215091262957
2018/12/16/17:22:18.923008,0.217502425401
2018/12/16/17:22:18.942966,0.214479357662
2018/12/16/17:22:18.963565,0.216914054925
2018/12/16/17:22:18.983145,0.213912699825
2018/12/16/17:22:19.003959,0.21102678146
2018/12/16/17:22:19.023098,0.213594270116
2018/12/16/17:22:19.043146,0.221404502374
2018/12/16/17:22:19.063190,0.234256751245
2018/12/16/17:22:19.083337,0.235930779525
2018/12/16/17:22:19.103410,0.237540422101
2018/12/16/17:22:19.123320,0.22840425202
2018/12/16/17:22:19.143313,0.219619473097
2018/12/16/17:22:19.163387,0.221856473613
2018/12/16/17:22:19.183598,0.224007435647
2018/12/16/17:22:19.203575,0.226074751378
2018/12/16/17:22:19.223612,0.222721978794
2018/12/16/17:22:19.243574,0.224839652168
2018/12/16/17:22:19.263645,0.226875876565
2018/12/16/17:22:19.283579,0.223491374479
2018/12/16/17:22:19.303643,0.225579455711
2018/12/16/17:22:19.323864,0.222244815966
2018/12/16/17:22:19.343960,0.224380841756
2018/12/16/17:22:19.364146,0.226434712708
2018/12/16/17:22:19.383787,0.228409588624
2018/12/16/17:22:19.403726,0.230308507773
2018/12/16/17:22:19.423876,0.232133474576
2018/12/16/17:22:19.444203,0.228547674176
2018/12/16/17:22:19.464394,0.230441282343
2018/12/16/17:22:19.484230,0.232262059427
2018/12/16/17:22:19.504287,0.234011889628
2018/12/16/17:22:19.523965,0.230353842495
2018/12/16/17:22:19.544305,0.226835572489
2018/12/16/17:22:19.564024,0.223453537554
2018/12/16/17:22:19.584016,0.220200663891
2018/12/16/17:22:19.604417,0.227756804082
2018/12/16/17:22:19.624072,0.229680830329
2018/12/16/17:22:19.644178,0.2261893624
2018/12/16/17:22:19.664264,0.228172757872
2018/12/16/17:22:19.684264,0.235423196057
2018/12/16/17:22:19.704300,0.237052361075
2018/12/16/17:22:19.724503,0.227934962572
2018/12/16/17:22:19.744283,0.213825823081
2018/12/16/17:22:19.764332,0.21628565629
2018/12/16/17:22:19.784460,0.218650880529
2018/12/16/17:22:19.804488,0.215582724444
2018/12/16/17:22:19.824486,0.217974984524
2018/12/16/17:22:19.844458,0.214933741434
2018/12/16/17:22:19.864552,0.217350045404
2018/12/16/17:22:19.884549,0.2196743316
2018/12/16/17:22:19.904580,0.221909222174
2018/12/16/17:22:19.924640,0.224058155418
2018/12/16/17:22:19.944649,0.226124437383
2018/12/16/17:22:19.964722,0.222768836804
2018/12/16/17:22:19.984717,0.21954321478
2018/12/16/17:22:20.005099,0.221782231313
2018/12/16/17:22:20.024850,0.223936048821
2018/12/16/17:22:20.044766,0.231349437355
2018/12/16/17:22:20.064903,0.238476778566
2018/12/16/17:22:20.084961,0.239988498102
2018/12/16/17:22:20.104908,0.236099664418
2018/12/16/17:22:20.125013,0.243044304588
2018/12/16/17:22:20.145308,0.249722760208
2018/12/16/17:22:20.165018,0.240118038661
2018/12/16/17:22:20.185085,0.236224222648
2018/12/16/17:22:20.205078,0.237822578951
2018/12/16/17:22:20.225181,0.228675556684
2018/12/16/17:22:20.245151,0.230564246292
2018/12/16/17:22:20.265275,0.227037883832
2018/12/16/17:22:20.285298,0.228989560858
2018/12/16/17:22:20.305298,0.241550076711
2018/12/16/17:22:20.325323,0.248285085639
2018/12/16/17:22:20.345369,0.244077152434
2018/12/16/17:22:20.365851,0.245373472976
2018/12/16/17:22:20.385457,0.246619935035
2018/12/16/17:22:20.405443,0.247818456245
2018/12/16/17:22:20.425580,0.243628470326
2018/12/16/17:22:20.445532,0.244942047871
2018/12/16/17:22:20.465575,0.246205103203
2018/12/16/17:22:20.485529,0.247419579484
2018/12/16/17:22:20.505691,0.248587345139
2018/12/16/17:22:20.525650,0.255051689897
2018/12/16/17:22:20.545753,0.26126740601
2018/12/16/17:22:20.565985,0.256561069786
2018/12/16/17:22:20.585717,0.252034829499
2018/12/16/17:22:20.605740,0.258366578704
2018/12/16/17:22:20.625881,0.2484294026
2018/12/16/17:22:20.646159,0.249558328905
2018/12/16/17:22:20.666358,0.261327738294
2018/12/16/17:22:20.686088,0.251276671436
2018/12/16/17:22:20.705914,0.252296087401
2018/12/16/17:22:20.726551,0.253276295059
2018/12/16/17:22:20.746270,0.254217885428
2018/12/16/17:22:20.766124,0.255124177777
2018/12/16/17:22:20.786483,0.250654119562
2018/12/16/17:22:20.806529,0.251697479829
2018/12/16/17:22:20.826148,0.252699793861
2018/12/16/17:22:20.846375,0.248322981181
2018/12/16/17:22:20.866497,0.26013898695
2018/12/16/17:22:20.886320,0.250133641298
2018/12/16/17:22:20.906274,0.235171623466
2018/12/16/17:22:20.926324,0.258178271007
2018/12/16/17:22:20.946277,0.25893132384
2018/12/16/17:22:20.966425,0.243630933603
2018/12/16/17:22:20.986570,0.244944416407
2018/12/16/17:22:21.006457,0.240864970481
2018/12/16/17:22:21.026378,0.242284836482
2018/12/16/17:22:21.046460,0.248991585419
2018/12/16/17:22:21.066524,0.239414985979
2018/12/16/17:22:21.086560,0.246233030776
2018/12/16/17:22:21.106735,0.247445515925
2018/12/16/17:22:21.126594,0.253954694186
2018/12/16/17:22:21.146677,0.254871109275
2018/12/16/17:22:21.166651,0.250409867469
2018/12/16/17:22:21.186737,0.246120211887
2018/12/16/17:22:21.206728,0.247337953219
2018/12/16/17:22:21.226721,0.243167365179
2018/12/16/17:22:21.246801,0.244498677538
2018/12/16/17:22:21.266932,0.245777868581
2018/12/16/17:22:21.286901,0.252351187124
2018/12/16/17:22:21.306893,0.253329275562
2018/12/16/17:22:21.326946,0.254268828219
2018/12/16/17:22:21.347040,0.249831668064
2018/12/16/17:22:21.366990,0.24556425092
2018/12/16/17:22:21.387033,0.246803375366
2018/12/16/17:22:21.407083,0.247994841179
2018/12/16/17:22:21.427070,0.249140481384
2018/12/16/17:22:21.447107,0.250242058505
2018/12/16/17:22:21.467175,0.245958857113
2018/12/16/17:22:21.487226,0.252524297564
2018/12/16/17:22:21.507262,0.258838138069
2018/12/16/17:22:21.527264,0.254224318233
2018/12/16/17:22:21.547347,0.255130363167
2018/12/16/17:22:21.567468,0.250659150057
2018/12/16/17:22:21.587368,0.251702316844
2018/12/16/17:22:21.607476,0.252705361831
2018/12/16/17:22:21.627421,0.248327418004
2018/12/16/17:22:21.647423,0.254802676954
2018/12/16/17:22:21.667561,0.255685560327
2018/12/16/17:22:21.687499,0.245851500314
2018/12/16/17:22:21.707499,0.257763480034
2018/12/16/17:22:21.727602,0.253191910194
2018/12/16/17:22:21.747663,0.254136746134
2018/12/16/17:22:21.767659,0.249704666059
2018/12/16/17:22:21.787741,0.261468447096
2018/12/16/17:22:21.807691,0.262094954695
2018/12/16/17:22:21.827835,0.257356789675
2018/12/16/17:22:21.847770,0.258142354938
2018/12/16/17:22:21.867907,0.264239199319
2018/12/16/17:22:21.887883,0.270101549685
2018/12/16/17:22:21.908073,0.275738425037
2018/12/16/17:22:21.927918,0.259791607831
2018/12/16/17:22:21.947938,0.25514111608
2018/12/16/17:22:21.968042,0.26135430972
2018/12/16/17:22:21.988011,0.261986124212
2018/12/16/17:22:22.008096,0.251909734819
2018/12/16/17:22:22.028164,0.242220898864
2018/12/16/17:22:22.048081,0.24893010694
2018/12/16/17:22:22.068239,0.255381268552
2018/12/16/17:22:22.088264,0.250900405235
2018/12/16/17:22:22.108412,0.251934292977
2018/12/16/17:22:22.128570,0.247586922638
2018/12/16/17:22:22.148348,0.248748252018
2018/12/16/17:22:22.168362,0.244522504722
2018/12/16/17:22:22.188411,0.24580169633
2018/12/16/17:22:22.208458,0.241689278099
2018/12/16/17:22:22.228697,0.243077439961
2018/12/16/17:22:22.248785,0.244412210982
2018/12/16/17:22:22.268472,0.240353234495
2018/12/16/17:22:22.288547,0.24179278265
2018/12/16/17:22:22.308587,0.23249306024
2018/12/16/17:22:22.328583,0.234234922789
2018/12/16/17:22:22.348639,0.235909790624
2018/12/16/17:22:22.368683,0.237520240466
2018/12/16/17:22:22.388705,0.233726339769
2018/12/16/17:22:22.409047,0.235420768489
2018/12/16/17:22:22.428728,0.237050026875
2018/12/16/17:22:22.449055,0.238616621476
2018/12/16/17:22:22.468897,0.234780552278
2018/12/16/17:22:22.488901,0.231092941198
2018/12/16/17:22:22.508908,0.227546244318
2018/12/16/17:22:22.528913,0.229478369018
2018/12/16/17:22:22.549168,0.231336181229
2018/12/16/17:22:22.569012,0.233122539125
2018/12/16/17:22:22.589257,0.229497780786
2018/12/16/17:22:22.609443,0.236696339557
2018/12/16/17:22:22.629071,0.232935044351
2018/12/16/17:22:22.649405,0.240001400677
2018/12/16/17:22:22.669365,0.236112070741
2018/12/16/17:22:22.689366,0.232373247412
2018/12/16/17:22:22.709365,0.234119718146
2018/12/16/17:22:22.729438,0.235798099935
2018/12/16/17:22:22.749508,0.237412845572
2018/12/16/17:22:22.769403,0.238965485609
2018/12/16/17:22:22.789415,0.24045840872
2018/12/16/17:22:22.809527,0.241893911712
2018/12/16/17:22:22.829409,0.23793179289
2018/12/16/17:22:22.849650,0.234122980247
2018/12/16/17:22:22.869540,0.230459743404
2018/12/16/17:22:22.889508,0.232279810447
2018/12/16/17:22:22.909574,0.223345971583
2018/12/16/17:22:22.929595,0.225439645234
2018/12/16/17:22:22.949602,0.222110382815
2018/12/16/17:22:22.969715,0.229593072277
2018/12/16/17:22:22.989767,0.231446472825
2018/12/16/17:22:23.009914,0.233228588736
2018/12/16/17:22:23.029919,0.229600668561
2018/12/16/17:22:23.049919,0.231452859949
2018/12/16/17:22:23.069796,0.222550826874
2018/12/16/17:22:23.089869,0.219333589847
2018/12/16/17:22:23.109870,0.221581585873
2018/12/16/17:22:23.129934,0.218400710352
2018/12/16/17:22:23.150094,0.226026079524
2018/12/16/17:22:23.170026,0.222675178934
2018/12/16/17:22:23.190008,0.219452242142
2018/12/16/17:22:23.210088,0.221695674618
2018/12/16/17:22:23.230260,0.218510411068
2018/12/16/17:22:23.250257,0.215448574649
2018/12/16/17:22:23.270209,0.212503584175
2018/12/16/17:22:23.290311,0.220356682888
2018/12/16/17:22:23.310296,0.21722291902
2018/12/16/17:22:23.330238,0.219552094693
2018/12/16/17:22:23.350313,0.216449276525
2018/12/16/17:22:23.370470,0.218808207678
2018/12/16/17:22:23.390442,0.22107641071
2018/12/16/17:22:23.410486,0.212573471837
2018/12/16/17:22:23.430560,0.20973906224
2018/12/16/17:22:23.450534,0.212356078558
2018/12/16/17:22:23.470712,0.209530947236
2018/12/16/17:22:23.490585,0.206813557817
2018/12/16/17:22:23.515059,0.209543093536
2018/12/16/17:22:23.530853,0.201483743784
2018/12/16/17:22:23.550676,0.204418272351
2018/12/16/17:22:23.570814,0.201897524273
2018/12/16/17:22:23.590788,0.199474645039
2018/12/16/17:22:23.610774,0.197144036473
2018/12/16/17:22:23.630727,0.200245476859
2018/12/16/17:22:23.650842,0.197885220915
2018/12/16/17:22:23.671280,0.206300564368
2018/12/16/17:22:23.690983,0.203707420444
2018/12/16/17:22:23.710965,0.201214012824
2018/12/16/17:22:23.731033,0.209501325819
2018/12/16/17:22:23.751220,0.212127485846
2018/12/16/17:22:23.771118,0.209310229556
2018/12/16/17:22:23.791805,0.211943739439
2018/12/16/17:22:23.811156,0.214475960481
2018/12/16/17:22:23.831168,0.211568378244
2018/12/16/17:22:23.851213,0.208772626093
2018/12/16/17:22:23.871552,0.206085319866
2018/12/16/17:22:23.891286,0.19815896141
2018/12/16/17:22:23.911238,0.190537462894
2018/12/16/17:22:23.931360,0.193893002264
2018/12/16/17:22:23.951348,0.191777072266
2018/12/16/17:22:23.971361,0.189743441186
2018/12/16/17:22:23.991386,0.198471013019
2018/12/16/17:22:24.011404,0.196179005684
2018/12/16/17:22:24.031517,0.199317562639
2018/12/16/17:22:24.051662,0.196993912699
2018/12/16/17:22:24.071559,0.205442620243
2018/12/16/17:22:24.091748,0.202882474169
2018/12/16/17:22:24.111816,0.184395398758
2018/12/16/17:22:24.131679,0.187987171364
2018/12/16/17:22:24.151834,0.19144079887
2018/12/16/17:22:24.172078,0.189420101382
2018/12/16/17:22:24.191701,0.187476206034
2018/12/16/17:22:24.211814,0.180265582725
2018/12/16/17:22:24.231763,0.184016194409
2018/12/16/17:22:24.251862,0.187622551797
2018/12/16/17:22:24.271897,0.180406299805
2018/12/16/17:22:24.292042,0.173467595966
2018/12/16/17:22:24.311898,0.177478751685
2018/12/16/17:22:24.332352,0.175995056012
2018/12/16/17:22:24.352358,0.174567508563
2018/12/16/17:22:24.371970,0.183879687106
2018/12/16/17:22:24.392043,0.187490377781
2018/12/16/17:22:24.412040,0.190963112732
2018/12/16/17:22:24.432225,0.199644691115
2018/12/16/17:22:24.452219,0.21333293881
2018/12/16/17:22:24.472419,0.194443922451
2018/12/16/17:22:24.492305,0.181623816883
2018/12/16/17:22:24.512262,0.196006092119
2018/12/16/17:22:24.533176,0.199150382601
2018/12/16/17:22:24.552491,0.186149259335
2018/12/16/17:22:24.572432,0.195015068931
2018/12/16/17:22:24.592452,0.192856899517
2018/12/16/17:22:24.612373,0.185439326459
2018/12/16/17:22:24.632458,0.183648537839
2018/12/16/17:22:24.652448,0.176585132537
2018/12/16/17:22:24.672615,0.185818793164
2018/12/16/17:22:24.692576,0.184014326665
2018/12/16/17:22:24.712576,0.176936852562
2018/12/16/17:22:24.732728,0.164789178841
2018/12/16/17:22:24.752601,0.163793543662
2018/12/16/17:22:24.773007,0.173519188477
2018/12/16/17:22:24.792746,0.172187783696
2018/12/16/17:22:24.812815,0.170906669797
2018/12/16/17:22:24.833565,0.175017239671
2018/12/16/17:22:24.852825,0.178969710703
2018/12/16/17:22:24.872958,0.182770163619
2018/12/16/17:22:24.892958,0.175740541941
2018/12/16/17:22:24.913599,0.174322783495
2018/12/16/17:22:24.932951,0.172959554219
2018/12/16/17:22:24.953101,0.166307263672
2018/12/16/17:22:24.973031,0.159910830454
2018/12/16/17:22:24.993003,0.164444317225
2018/12/16/17:22:25.013104,0.168803439121
2018/12/16/17:22:25.033250,0.162310999155
2018/12/16/17:22:25.053308,0.172093664912
2018/12/16/17:22:25.073410,0.170817087961
2018/12/16/17:22:25.093354,0.180272596456
2018/12/16/17:22:25.113337,0.162655131727
2018/12/16/17:22:25.133700,0.156399165122
2018/12/16/17:22:25.153310,0.171751619272
2018/12/16/17:22:25.173430,0.170487280928
2018/12/16/17:22:25.193424,0.174613981142
2018/12/16/17:22:25.213448,0.183923455285
2018/12/16/17:22:25.233623,0.182191886396
2018/12/16/17:22:25.253581,0.185868409477
2018/12/16/17:22:25.273842,0.178719624498
2018/12/16/17:22:25.293895,0.171845792786
2018/12/16/17:22:25.313623,0.170577832384
2018/12/16/17:22:25.333715,0.169358639689
2018/12/16/17:22:25.353905,0.168187256016
2018/12/16/17:22:25.373915,0.1617185154
2018/12/16/17:22:25.393784,0.166182475827
2018/12/16/17:22:25.413945,0.165132335308
2018/12/16/17:22:25.433877,0.16946499497
2018/12/16/17:22:25.453836,0.168288603714
2018/12/16/17:22:25.473932,0.167158375271
2018/12/16/17:22:25.494085,0.171413110319
2018/12/16/17:22:25.514077,0.17016179155
2018/12/16/17:22:25.534296,0.16895951742
2018/12/16/17:22:25.554034,0.167802567609
2018/12/16/17:22:25.574083,0.172032526028
2018/12/16/17:22:25.594506,0.170757383578
2018/12/16/17:22:25.614112,0.158848298736
2018/12/16/17:22:25.634289,0.158080241951
2018/12/16/17:22:25.654485,0.152000232645
2018/12/16/17:22:25.674376,0.156837973178
2018/12/16/17:22:25.694579,0.156148153602
2018/12/16/17:22:25.714302,0.150142455386
2018/12/16/17:22:25.734499,0.155050731896
2018/12/16/17:22:25.754621,0.154429652369
2018/12/16/17:22:25.774601,0.153831543521
2018/12/16/17:22:25.794379,0.158598849021
2018/12/16/17:22:25.814590,0.157840386456
2018/12/16/17:22:25.834479,0.151769602361
2018/12/16/17:22:25.854584,0.15661621329
2018/12/16/17:22:25.874691,0.15593492294
2018/12/16/17:22:25.894456,0.15527891907
2018/12/16/17:22:25.914614,0.154649063113
2018/12/16/17:22:25.934737,0.148701022224
2018/12/16/17:22:25.954982,0.142981752138
2018/12/16/17:22:25.974897,0.142823947146
2018/12/16/17:22:25.994686,0.142672211576
2018/12/16/17:22:26.014665,0.142527228984
2018/12/16/17:22:26.034894,0.137045412484
2018/12/16/17:22:26.054785,0.158483734902
2018/12/16/17:22:26.074910,0.163072109964
2018/12/16/17:22:26.094841,0.108722999259
2018/12/16/17:22:26.115073,0.115225248769
2018/12/16/17:22:26.135113,0.142844301419
2018/12/16/17:22:26.154957,0.137350289826
2018/12/16/17:22:26.175003,0.137409996532
2018/12/16/17:22:26.195123,0.137466489832
2018/12/16/17:22:26.215392,0.137521727307
2018/12/16/17:22:26.235581,0.137573923269
2018/12/16/17:22:26.255167,0.132282618528
2018/12/16/17:22:26.275333,0.121853332341
2018/12/16/17:22:26.295327,0.122508158879
2018/12/16/17:22:26.316037,0.117796306615
2018/12/16/17:22:26.335336,0.123949582765
2018/12/16/17:22:26.355326,0.124523784286
2018/12/16/17:22:26.375452,0.119734407967
2018/12/16/17:22:26.395763,0.125813141758
2018/12/16/17:22:26.415910,0.120974174767
2018/12/16/17:22:26.435961,0.127005225219
2018/12/16/17:22:26.455567,0.122120408864
2018/12/16/17:22:26.475754,0.122764963228
2018/12/16/17:22:26.495787,0.123385644034
2018/12/16/17:22:26.517281,0.11864004234
2018/12/16/17:22:26.535615,0.119418456955
2018/12/16/17:22:26.555960,0.125509342707
2018/12/16/17:22:26.575676,0.126024470457
2018/12/16/17:22:26.595777,0.121177375439
2018/12/16/17:22:26.617307,0.116516707153
2018/12/16/17:22:26.635780,0.117376788506
2018/12/16/17:22:26.655798,0.118203789807
2018/12/16/17:22:26.675832,0.11899990036
2018/12/16/17:22:26.695971,0.114422981115
2018/12/16/17:22:26.715968,0.110022097226
2018/12/16/17:22:26.735945,0.111131971268
2018/12/16/17:22:26.755953,0.101516171515
2018/12/16/17:22:26.776014,0.0922692932185
2018/12/16/17:22:26.796260,0.0887204742485
2018/12/16/17:22:26.816375,0.0853081483159
2018/12/16/17:22:26.836137,0.0820270656883
2018/12/16/17:22:26.856223,0.0735306853801
2018/12/16/17:22:26.876202,0.0707025820962
2018/12/16/17:22:26.896624,0.0679832520156
2018/12/16/17:22:26.916415,0.0653685115535
2018/12/16/17:22:26.936589,0.0628543380322
2018/12/16/17:22:26.956590,0.0550953703261
2018/12/16/17:22:26.976764,0.0583178107876
2018/12/16/17:22:26.996795,0.056074818065
2018/12/16/17:22:27.017456,0.0485766011269
2018/12/16/17:22:27.036810,0.0413658601534
2018/12/16/17:22:27.056643,0.0397748655321
2018/12/16/17:22:27.076570,0.0382450630116
2018/12/16/17:22:27.096760,0.0314326058832
2018/12/16/17:22:27.116643,0.0248812493422
2018/12/16/17:22:27.136739,0.0239242782136
2018/12/16/17:22:27.156825,0.0230041136669
2018/12/16/17:22:27.176781,0.0221193400644
2018/12/16/17:22:27.197336,0.0212685962157
2018/12/16/17:22:27.217174,0.0204505732844
2018/12/16/17:22:27.236835,0.0196640127734
2018/12/16/17:22:27.257359,0.00822380126247
2018/12/16/17:22:27.277277,0.00790750121391
2018/12/16/17:22:27.297090,0.00226187338543
2018/12/16/17:22:27.317092,0.00217487825522
2018/12/16/17:22:27.336985,-0.00325026407485
2018/12/16/17:22:27.357249,-0.00312525391813
2018/12/16/17:22:27.377057,-0.0083474620053
2018/12/16/17:22:27.397264,-0.00802640577432
2018/12/16/17:22:27.417845,-0.0184016011873
2018/12/16/17:22:27.437171,-0.0230353404619
2018/12/16/17:22:27.457141,-0.0221493658287
2018/12/16/17:22:27.477174,-0.0266398773039
2018/12/16/17:22:27.497370,-0.0256152666384
2018/12/16/17:22:27.517431,-0.0299715572418
2018/12/16/17:22:27.537287,-0.0288188050402
2018/12/16/17:22:27.557703,-0.0383942927891
2018/12/16/17:22:27.577324,-0.0369175892203
2018/12/16/17:22:27.597610,-0.040839175109
2018/12/16/17:22:27.617871,-0.0499523409321
2018/12/16/17:22:27.637454,-0.0480310970501
2018/12/16/17:22:27.657509,-0.05152524033
2018/12/16/17:22:27.677733,-0.0495435003173
2018/12/16/17:22:27.697827,-0.0476379810743
2018/12/16/17:22:27.717624,-0.051148161194
2018/12/16/17:22:27.737733,-0.049180924225
2018/12/16/17:22:27.757630,-0.0633147467101
2018/12/16/17:22:27.777821,-0.0608795641443
2018/12/16/17:22:27.797762,-0.0585380424464
2018/12/16/17:22:27.817921,-0.0616289894364
2018/12/16/17:22:27.837835,-0.0646001368552
2018/12/16/17:22:27.857876,-0.0674570093734
2018/12/16/17:22:27.877825,-0.0755464123402
2018/12/16/17:22:27.897955,-0.0833246844237
2018/12/16/17:22:27.918185,-0.0801198888689
2018/12/16/17:22:27.938046,-0.0823807648426
2018/12/16/17:22:27.958066,-0.0792122738871
2018/12/16/17:22:27.978307,-0.0921910444622
2018/12/16/17:22:27.998078,-0.0939867282262
2018/12/16/17:22:28.018247,-0.0636625542425
2018/12/16/17:22:28.038433,-0.0718978977913
2018/12/16/17:22:28.058142,-0.0851579905239
2018/12/16/17:22:28.078251,-0.081882683196
2018/12/16/17:22:28.098215,-0.0840757593879
2018/12/16/17:22:28.118349,-0.0808420763345
2018/12/16/17:22:28.138405,-0.0777327657063
2018/12/16/17:22:28.158333,-0.0800845371147
2018/12/16/17:22:28.178481,-0.0823458557767
2018/12/16/17:22:28.198377,-0.089862610805
2018/12/16/17:22:28.218454,-0.0864063565433
2018/12/16/17:22:28.238501,-0.0884254452987
2018/12/16/17:22:28.258493,-0.0957083699607
2018/12/16/17:22:28.278673,-0.0973687719748
2018/12/16/17:22:28.298616,-0.0936238192065
2018/12/16/17:22:28.318911,-0.0953643962496
2018/12/16/17:22:28.338615,-0.0970389450163
2018/12/16/17:22:28.358644,-0.0986481710667
2018/12/16/17:22:28.378903,-0.100196420802
2018/12/16/17:22:28.398800,-0.0963427123097
2018/12/16/17:22:28.418724,-0.103321126702
2018/12/16/17:22:28.438862,-0.10468873038
2018/12/16/17:22:28.458814,-0.106003733916
2018/12/16/17:22:28.478988,-0.107269077388
2018/12/16/17:22:28.499023,-0.11382724697
2018/12/16/17:22:28.519037,-0.114790769099
2018/12/16/17:22:28.539014,-0.110375739518
2018/12/16/17:22:28.559087,-0.116814422095
2018/12/16/17:22:28.579455,-0.123005463034
2018/12/16/17:22:28.599758,-0.128958387014
2018/12/16/17:22:28.619117,-0.129339942218
2018/12/16/17:22:28.639256,-0.129706822222
2018/12/16/17:22:28.659220,-0.130060508452
2018/12/16/17:22:28.679577,-0.13039967437
2018/12/16/17:22:28.699257,-0.125384302279
2018/12/16/17:22:28.719327,-0.120561829114
2018/12/16/17:22:28.739475,-0.115924835687
2018/12/16/17:22:28.759378,-0.116808598321
2018/12/16/17:22:28.779359,-0.122999863252
2018/12/16/17:22:28.799841,-0.123610592447
2018/12/16/17:22:28.819647,-0.124197832058
2018/12/16/17:22:28.839872,-0.13010489569
2018/12/16/17:22:28.859737,-0.125100861241
2018/12/16/17:22:28.879582,-0.125631699816
2018/12/16/17:22:28.899611,-0.131483614688
2018/12/16/17:22:28.919649,-0.131768045751
2018/12/16/17:22:28.939733,-0.142725440486
2018/12/16/17:22:28.959710,-0.142578410628
2018/12/16/17:22:28.979871,-0.147777611937
2018/12/16/17:22:28.999990,-0.110043064644
2018/12/16/17:22:29.019888,-0.100469145914
2018/12/16/17:22:29.040067,-0.123314247815
2018/12/16/17:22:29.059960,-0.129254378463
2018/12/16/17:22:29.080333,-0.118941563048
2018/12/16/17:22:29.100216,-0.135734694201
2018/12/16/17:22:29.119943,-0.167907332188
2018/12/16/17:22:29.140564,-0.166790851039
2018/12/16/17:22:29.160121,-0.144350421813
2018/12/16/17:22:29.180043,-0.14948238584
2018/12/16/17:22:29.200371,-0.159758459802
2018/12/16/17:22:29.220191,-0.158955396822
2018/12/16/17:22:29.240444,-0.163525631041
2018/12/16/17:22:29.260336,-0.162578593854
2018/12/16/17:22:29.280516,-0.16166706418
2018/12/16/17:22:29.300721,-0.1661330035
2018/12/16/17:22:29.320452,-0.159743272596
2018/12/16/17:22:29.340459,-0.164283203901
2018/12/16/17:22:29.360380,-0.157964619135
2018/12/16/17:22:29.380334,-0.151889056861
2018/12/16/17:22:29.400844,-0.156731073386
2018/12/16/17:22:29.420477,-0.150702955179
2018/12/16/17:22:29.440491,-0.155589674005
2018/12/16/17:22:29.460593,-0.154947865935
2018/12/16/17:22:29.480904,-0.165013729123
2018/12/16/17:22:29.500736,-0.174692443728
2018/12/16/17:22:29.520925,-0.173315913745
2018/12/16/17:22:29.540703,-0.166649917063
2018/12/16/17:22:29.560657,-0.170924208195
2018/12/16/17:22:29.580665,-0.169691693354
2018/12/16/17:22:29.600968,-0.157823596597
2018/12/16/17:22:29.620696,-0.146411048106
2018/12/16/17:22:29.640768,-0.13009595062
2018/12/16/17:22:29.660909,-0.125092260212
2018/12/16/17:22:29.680830,-0.125623429596
2018/12/16/17:22:29.700953,-0.120791759226
2018/12/16/17:22:29.721208,-0.116145922333
2018/12/16/17:22:29.741251,-0.111678771474
2018/12/16/17:22:29.761263,-0.112724927276
2018/12/16/17:22:29.781077,-0.119073256478
2018/12/16/17:22:29.801475,-0.114493515844
2018/12/16/17:22:29.821381,-0.115432329242
2018/12/16/17:22:29.842943,-0.116334117437
2018/12/16/17:22:29.861284,-0.117201221471
2018/12/16/17:22:29.881221,-0.118035892345
2018/12/16/17:22:29.901344,-0.124179953659
2018/12/16/17:22:29.921290,-0.130086787928
2018/12/16/17:22:29.941246,-0.135767353258
2018/12/16/17:22:29.961401,-0.151913338634
2018/12/16/17:22:29.981368,-0.156754421244
2018/12/16/17:22:30.001451,-0.140041501715
2018/12/16/17:22:30.021494,-0.134655290111
2018/12/16/17:22:30.041459,-0.140160143819
2018/12/16/17:22:30.063089,-0.129426958895
2018/12/16/17:22:30.084596,-0.129791409099
2018/12/16/17:22:30.101886,-0.130140924992
2018/12/16/17:22:30.121620,-0.130477914961
2018/12/16/17:22:30.141679,-0.130801026783
2018/12/16/17:22:30.162008,-0.12577021806
2018/12/16/17:22:30.181673,-0.126275312142
2018/12/16/17:22:30.201789,-0.121418569367
2018/12/16/17:22:30.221738,-0.122090117558
2018/12/16/17:22:30.241922,-0.122735836972
2018/12/16/17:22:30.262207,-0.123357638019
2018/12/16/17:22:30.282559,-0.123954606646
2018/12/16/17:22:30.302187,-0.135213435263
